{
	"credit": "Made with Blockbench",
	"texture_size": [32, 16],
	"textures": {
		"0": "blocks/planks_oak",
		"1": "blocks/log_oak",
		"particle": "blocks/log_oak"
	},
	"elements": [
		{
			"from": [1, 0, 14],
			"to": [15, 3, 15],
			"faces": {
				"north": {"uv": [0.5, 1, 7.5, 4], "texture": "#0"},
				"east": {"uv": [0, 1, 0.5, 4], "texture": "#0"},
				"south": {"uv": [8, 1, 15, 4], "texture": "#0"},
				"west": {"uv": [7.5, 1, 8, 4], "texture": "#0"},
				"up": {"uv": [7.5, 1, 0.5, 0], "texture": "#0"},
				"down": {"uv": [14.5, 0, 7.5, 1], "texture": "#0"}
			}
		},
		{
			"from": [1, 4, 14],
			"to": [15, 7, 15],
			"faces": {
				"north": {"uv": [0.5, 1, 7.5, 4], "texture": "#0"},
				"east": {"uv": [0, 1, 0.5, 4], "texture": "#0"},
				"south": {"uv": [8, 1, 15, 4], "texture": "#0"},
				"west": {"uv": [7.5, 1, 8, 4], "texture": "#0"},
				"up": {"uv": [7.5, 1, 0.5, 0], "texture": "#0"},
				"down": {"uv": [14.5, 0, 7.5, 1], "texture": "#0"}
			}
		},
		{
			"from": [1, 8, 14],
			"to": [15, 11, 15],
			"faces": {
				"north": {"uv": [0.5, 1, 7.5, 4], "texture": "#0"},
				"east": {"uv": [0, 1, 0.5, 4], "texture": "#0"},
				"south": {"uv": [8, 1, 15, 4], "texture": "#0"},
				"west": {"uv": [7.5, 1, 8, 4], "texture": "#0"},
				"up": {"uv": [7.5, 1, 0.5, 0], "texture": "#0"},
				"down": {"uv": [14.5, 0, 7.5, 1], "texture": "#0"}
			}
		},
		{
			"from": [1, 12, 14],
			"to": [15, 15, 15],
			"faces": {
				"north": {"uv": [0.5, 1, 7.5, 4], "texture": "#0"},
				"east": {"uv": [0, 1, 0.5, 4], "texture": "#0"},
				"south": {"uv": [8, 1, 15, 4], "texture": "#0"},
				"west": {"uv": [7.5, 1, 8, 4], "texture": "#0"},
				"up": {"uv": [7.5, 1, 0.5, 0], "texture": "#0"},
				"down": {"uv": [14.5, 0, 7.5, 1], "texture": "#0"}
			}
		},
		{
			"from": [2, 0, 15],
			"to": [4, 16, 16],
			"faces": {
				"north": {"uv": [0.5, 1, 1.5, 17], "texture": "#1"},
				"east": {"uv": [0, 1, 0.5, 17], "texture": "#1"},
				"south": {"uv": [2, 1, 3, 17], "texture": "#1"},
				"west": {"uv": [1.5, 1, 2, 17], "texture": "#1"},
				"up": {"uv": [1.5, 1, 0.5, 0], "texture": "#1"},
				"down": {"uv": [2.5, 0, 1.5, 1], "texture": "#1"}
			}
		},
		{
			"from": [12, 0, 15],
			"to": [14, 16, 16],
			"faces": {
				"north": {"uv": [0.5, 1, 1.5, 17], "texture": "#1"},
				"east": {"uv": [0, 1, 0.5, 17], "texture": "#1"},
				"south": {"uv": [2, 1, 3, 17], "texture": "#1"},
				"west": {"uv": [1.5, 1, 2, 17], "texture": "#1"},
				"up": {"uv": [1.5, 1, 0.5, 0], "texture": "#1"},
				"down": {"uv": [2.5, 0, 1.5, 1], "texture": "#1"}
			}
		}
	]
}